TaskID,TaskType,AssetCode,Field,Region,Latitude,Longitude,Elevation,CreatedDate
1234,Warehouse,F15_WH001,Strike Eagle,Northern,-24.9158511,151.9281969,298.54,8/6/18
1234,Warehouse,F15_WH002,Strike Eagle,Northern,-24.9102859,151.9448466,284.75,8/6/18
1234,Warehouse,F15_WH003,Strike Eagle,Northern,-24.9208587,151.9371144,300.85,8/6/18
1234,Warehouse,F15_WH004,Strike Eagle,Northern,-24.924378,151.9460397,295.28,8/6/18
1234,Warehouse,F15_WH005,Strike Eagle,Northern,-24.925991,151.9340919,291.18,8/6/18
1234,Warehouse,F15_WH101,Strike Eagle,Northern,-24.8745237,151.8708398,289.31,8/6/18
1234,Warehouse,F15_WH118,Strike Eagle,Northern,-24.8855635,151.9122206,247.83,8/6/18
1234,Warehouse,F15_WH121,Strike Eagle,Northern,-24.8950951,151.9094754,252.75,8/6/18
1234,Warehouse,F15_WH125,Strike Eagle,Northern,-24.9025067,151.8989704,248.36,8/6/18
1234,Warehouse,F15_WH126,Strike Eagle,Northern,-24.9106542,151.873926,268.85,8/6/18
1234,Warehouse,F15_WH127,Strike Eagle,Northern,-24.9074931,151.8862344,261.3,8/6/18
1234,Warehouse,F15_WH128,Strike Eagle,Northern,-24.9042726,151.8929459,250.64,8/6/18
1234,Warehouse,F15_WH129,Strike Eagle,Northern,-24.9123202,151.8760976,271.74,8/6/18
1234,Warehouse,F15_WH130,Strike Eagle,Northern,-24.9154848,151.884342,250.47,8/6/18
1234,Warehouse,F15_WH131,Strike Eagle,Northern,-24.9226914,151.8723932,281.17,8/6/18
1234,Warehouse,F15_WH132,Strike Eagle,Northern,-24.9144238,151.8838048,251.75,8/6/18
1234,Warehouse,F15_WH133,Strike Eagle,Northern,-24.9234868,151.8942599,255.85,8/6/18
1234,Warehouse,F15_WH134,Strike Eagle,Northern,-24.9314354,151.8747831,269.16,8/6/18
1234,Warehouse,F15_WH135,Strike Eagle,Northern,-24.9304131,151.8815276,267.6,8/6/18
1234,Warehouse,F15_WH136,Strike Eagle,Northern,-24.9327251,151.8916693,258.35,8/6/18
1234,Warehouse,F15_WH137,Strike Eagle,Northern,-24.9266981,151.9045059,259.88,8/6/18
1234,Warehouse,F15_WH138,Strike Eagle,Northern,-24.9268735,151.9087353,283.44,8/6/18
1234,Warehouse,F15_WH139,Strike Eagle,Northern,-24.9277137,151.9195195,293.67,8/6/18
1234,Warehouse,F15_WH140,Strike Eagle,Northern,-24.9274627,151.8767916,276.05,8/6/18
1234,Warehouse,F15_WH141,Strike Eagle,Northern,-24.9299495,151.8790216,281.5,8/6/18
1234,Warehouse,F15_WH142,Strike Eagle,Northern,-24.9334052,151.8966502,258.05,8/6/18
1234,Warehouse,F15_WH143,Strike Eagle,Northern,-24.9339316,151.9093372,260.51,8/6/18
1234,Warehouse,F15_WH144,Strike Eagle,Northern,-24.9317045,151.9088768,275.72,8/6/18
1234,Warehouse,F15_WH145,Strike Eagle,Northern,-24.9282717,151.919585,287.15,8/6/18
1234,Warehouse,F15_WH146,Strike Eagle,Northern,-24.9277685,151.9507579,269.81,8/6/18
1234,Warehouse,F15_WH147,Strike Eagle,Northern,-24.9402418,151.8719414,267.14,8/6/18
1234,Warehouse,F15_WH148,Strike Eagle,Northern,-24.9462344,151.8828136,262.65,8/6/18
1234,Warehouse,F15_WH149,Strike Eagle,Northern,-24.9353641,151.8856478,264.67,8/6/18
1234,Warehouse,F15_WH150,Strike Eagle,Northern,-24.932077,151.8904294,267.68,8/6/18
1234,Warehouse,F15_WH151,Strike Eagle,Northern,-24.9421495,151.9014124,271.84,8/6/18
1234,Warehouse,F15_WH152,Strike Eagle,Northern,-24.9308233,151.9144559,280.36,8/6/18
1234,Warehouse,F15_WH153,Strike Eagle,Northern,-24.9386833,151.9279186,294.13,8/6/18
1234,Warehouse,F15_WH154,Strike Eagle,Northern,-24.9408231,151.9240222,283.79,8/6/18
1234,Warehouse,F15_WH155,Strike Eagle,Northern,-24.9433659,151.8739836,264.65,8/6/18
1234,Warehouse,F15_WH156,Strike Eagle,Northern,-24.9491408,151.8826794,265.46,8/6/18
1234,Warehouse,F15_WH157,Strike Eagle,Northern,-24.9474857,151.8886425,268.57,8/6/18
1234,Warehouse,F15_WH158,Strike Eagle,Northern,-24.9451002,151.8962891,265.87,8/6/18
1234,Warehouse,F15_WH159,Strike Eagle,Northern,-24.9398878,151.9119857,274.13,8/6/18
1234,Warehouse,F15_WH160,Strike Eagle,Northern,-24.9415245,151.9156391,278.29,8/6/18
1234,Warehouse,F15_WH161,Strike Eagle,Northern,-24.9443724,151.9184976,280.38,8/6/18
1234,Warehouse,F15_WH162,Strike Eagle,Northern,-24.9455315,151.9263653,288.47,8/6/18
1234,Warehouse,F15_WH163,Strike Eagle,Northern,-24.9398184,151.9374789,278.22,8/6/18
1234,Warehouse,F15_WH164,Strike Eagle,Northern,-24.9468345,151.9358052,282.45,8/6/18
1234,Warehouse,F15_WH165,Strike Eagle,Northern,-24.939575,151.9482552,276.68,8/6/18
1234,Warehouse,F15_WH166,Strike Eagle,Northern,-24.9521316,151.8865617,265.48,8/6/18
1234,Warehouse,F15_WH167,Strike Eagle,Northern,-24.9516856,151.8938908,261.82,8/6/18
1234,Warehouse,F15_WH168,Strike Eagle,Northern,-24.9461612,151.9068584,273.92,8/6/18
1234,Warehouse,F15_WH169,Strike Eagle,Northern,-24.94523,151.9135015,270.51,8/6/18
1234,Warehouse,F15_WH170,Strike Eagle,Northern,-24.9478365,151.9234958,281.23,8/6/18
1234,Warehouse,F15_WH171,Strike Eagle,Northern,-24.9491217,151.9388882,283.09,8/6/18
1234,Warehouse,F15_WH172,Strike Eagle,Northern,-24.9489551,151.9372944,290.03,8/6/18
1234,Warehouse,F15_WH173,Strike Eagle,Northern,-24.9434492,151.9480619,287.87,8/6/18
1234,Warehouse,F15_WH204,Strike Eagle,Northern,-24.9268168,151.8750144,262.34,8/6/18
1234,Warehouse,787_WH107,Dreamliner,Northern,-24.9531908,151.6938954,270.85,8/6/18
1234,Warehouse,787_WH108,Dreamliner,Northern,-24.9519398,151.6926923,261.35,8/6/18
1234,Warehouse,787_WH113,Dreamliner,Northern,-24.9647759,151.6586608,307.09,8/6/18
1234,Warehouse,787_WH114,Dreamliner,Northern,-24.9609967,151.6613455,296.51,8/6/18
1234,Warehouse,787_WH122,Dreamliner,Northern,-24.9614543,151.6595332,296.13,8/6/18
1234,Warehouse,787_WH123,Dreamliner,Northern,-24.9649581,151.6712886,296.59,8/6/18
1234,Warehouse,787_WH131,Dreamliner,Northern,-24.9687067,151.65654,284.66,8/6/18
1234,Warehouse,B17_WH002,Flying Fortress,Northern,-24.84392,151.805457,258.59,8/6/18
1234,Warehouse,B17_WH003,Flying Fortress,Northern,-24.8449422,151.8157253,250.04,8/6/18
1234,Warehouse,B17_WH004,Flying Fortress,Northern,-24.8307664,151.8015717,237.3,8/6/18
1234,Warehouse,B17_WH006,Flying Fortress,Northern,-24.8404625,151.7985313,249.29,8/6/18
1234,Warehouse,B17_WH007,Flying Fortress,Northern,-24.8432344,151.8027226,257.6,8/6/18
1234,Warehouse,B17_WH142,Flying Fortress,Northern,-24.8380582,151.8323576,227.09,8/6/18
1234,Warehouse,B17_WH148,Flying Fortress,Northern,-24.8476432,151.8162508,250.62,8/6/18
1234,Warehouse,B17_WH149,Flying Fortress,Northern,-24.8506248,151.8235272,243.96,8/6/18
1234,Warehouse,B17_WH152,Flying Fortress,Northern,-24.8561323,151.8377754,234.49,8/6/18
1234,Warehouse,B17_WH155,Flying Fortress,Northern,-24.8588021,151.7881099,244.53,8/6/18
1234,Warehouse,B17_WH156,Flying Fortress,Northern,-24.8615125,151.8421871,237.99,8/6/18
1234,Warehouse,B17_WH157,Flying Fortress,Northern,-24.8626188,151.8487271,252.55,8/6/18
1234,Warehouse,B17_WH158,Flying Fortress,Northern,-24.8690054,151.8642324,258.01,8/6/18
1234,Warehouse,B17_WH168,Flying Fortress,Northern,-24.8617558,151.8000247,253.29,8/6/18
1234,Warehouse,B17_WH169,Flying Fortress,Northern,-24.8587331,151.8170394,247.92,8/6/18
1234,Warehouse,B17_WH170,Flying Fortress,Northern,-24.8600826,151.8244869,251.1,8/6/18
1234,Warehouse,B17_WH171,Flying Fortress,Northern,-24.8642948,151.7930459,255.62,8/6/18
1234,Warehouse,B17_WH172,Flying Fortress,Northern,-24.8657425,151.8120583,269.58,8/6/18
1234,Warehouse,B17_WH173,Flying Fortress,Northern,-24.8632096,151.8161579,257.36,8/6/18
1234,Warehouse,B17_WH174,Flying Fortress,Northern,-24.8722336,151.832788,255.25,8/6/18
1234,Warehouse,AH6_WH002,Little Bird,Northern,-24.8592521,151.6771861,307.54,8/6/18
1234,Warehouse,AH6_WH003,Little Bird,Northern,-24.8730206,151.665356,317.86,8/6/18
1234,Warehouse,AH6_WH004,Little Bird,Northern,-24.8597726,151.6752737,321.82,8/6/18
1234,Warehouse,AH6_WH005,Little Bird,Northern,-24.8725042,151.6857886,314.61,8/6/18
1234,Warehouse,AH6_WH153,Little Bird,Northern,-24.8464087,151.688346,309.35,8/6/18
1234,Warehouse,AH6_WH163,Little Bird,Northern,-24.850974,151.6991583,325.81,8/6/18
1234,Warehouse,AH6_WH166,Little Bird,Northern,-24.8581326,151.6907361,310.3,8/6/18
1234,Warehouse,AH6_WH169,Little Bird,Northern,-24.8571688,151.7022133,295.23,8/6/18
1234,Warehouse,AH6_WH172,Little Bird,Northern,-24.8730933,151.6963431,294.34,8/6/18
1234,Warehouse,AH6_WH232,Little Bird,Northern,-24.8660442,151.6798929,323.58,8/6/18
1234,Warehouse,EA18_WH001,Growler,Northern,-25.096625,151.8234755,326.37,8/6/18
1234,Warehouse,EA18_WH003,Growler,Northern,-25.0927268,151.8244289,316.07,8/6/18
1234,Warehouse,EA18_WH004,Growler,Northern,-25.0864504,151.8292827,305.44,8/6/18
1234,Warehouse,EA18_WH005,Growler,Northern,-25.0917997,151.8354023,311.82,8/6/18
1234,Warehouse,EA18_WH006,Growler,Northern,-25.0939947,151.8282776,305.36,8/6/18
1234,Warehouse,EA18_WH010,Growler,Northern,-25.1077049,151.8562702,313.77,8/6/18
1234,Warehouse,EA18_WH011,Growler,Northern,-25.1144836,151.8512536,319.98,8/6/18
1234,Warehouse,EA18_WH012,Growler,Northern,-25.1167445,151.8633394,311.14,8/6/18
1234,Warehouse,EA18_WH013,Growler,Northern,-25.1051286,151.8439332,329.75,8/6/18
1234,Warehouse,EA18_WH014,Growler,Northern,-25.0346183,151.8215561,340.65,8/6/18
1234,Warehouse,EA18_WH015,Growler,Northern,-25.0403543,151.8313341,340.05,8/6/18
1234,Warehouse,EA18_WH016,Growler,Northern,-25.03781,151.8165349,354.27,8/6/18
1234,Warehouse,EA18_WH018,Growler,Northern,-25.0776435,151.819683,335.22,8/6/18
1234,Warehouse,EA18_WH019,Growler,Northern,-25.0864877,151.8306866,327.55,8/6/18
1234,Warehouse,EA18_WH101,Growler,Northern,-25.0379336,151.8074032,344.43,8/6/18
1234,Warehouse,EA18_WH102,Growler,Northern,-25.0401373,151.8110474,340.07,8/6/18
1234,Warehouse,EA18_WH104,Growler,Northern,-25.0333685,151.8498546,319.82,8/6/18
1234,Warehouse,EA18_WH105,Growler,Northern,-25.0375185,151.8583825,328.06,8/6/18
1234,Warehouse,EA18_WH106,Growler,Northern,-25.0411359,151.789828,356.29,8/6/18
1234,Warehouse,EA18_WH107,Growler,Northern,-25.0390752,151.8049767,352.68,8/6/18
1234,Warehouse,EA18_WH108,Growler,Northern,-25.039742,151.8029144,345.76,8/6/18
1234,Warehouse,EA18_WH111,Growler,Northern,-25.0430142,151.8410399,329.26,8/6/18
1234,Warehouse,EA18_WH112,Growler,Northern,-25.0407244,151.845361,356.77,8/6/18
1234,Warehouse,EA18_WH113,Growler,Northern,-25.0394685,151.8578863,347.06,8/6/18
1234,Warehouse,EA18_WH114,Growler,Northern,-25.0379491,151.8630045,319.11,8/6/18
1234,Warehouse,EA18_WH115,Growler,Northern,-25.0392539,151.865985,341.86,8/6/18
1234,Warehouse,EA18_WH116,Growler,Northern,-25.0483004,151.788524,359.61,8/6/18
1234,Warehouse,EA18_WH117,Growler,Northern,-25.0541874,151.79568,349.87,8/6/18
1234,Warehouse,EA18_WH118,Growler,Northern,-25.0542096,151.8081831,353,8/6/18
1234,Warehouse,EA18_WH119,Growler,Northern,-25.0420731,151.8176949,357.17,8/6/18
1234,Warehouse,EA18_WH120,Growler,Northern,-25.0505596,151.8193369,343.91,8/6/18
1234,Warehouse,EA18_WH121,Growler,Northern,-25.0483057,151.8300701,342.07,8/6/18
1234,Warehouse,EA18_WH122,Growler,Northern,-25.0475958,151.8363747,342.83,8/6/18
1234,Warehouse,EA18_WH123,Growler,Northern,-25.0510257,151.8417141,351.66,8/6/18
1234,Warehouse,EA18_WH124,Growler,Northern,-25.0488301,151.8539497,347.67,8/6/18
1234,Warehouse,EA18_WH125,Growler,Northern,-25.0445452,151.863106,336.12,8/6/18
1234,Warehouse,EA18_WH126,Growler,Northern,-25.0431848,151.8649963,340.41,8/6/18
1234,Warehouse,EA18_WH127,Growler,Northern,-25.060471,151.7919556,363.8,8/6/18
1234,Warehouse,EA18_WH128,Growler,Northern,-25.0593686,151.7942791,358.65,8/6/18
1234,Warehouse,EA18_WH129,Growler,Northern,-25.057099,151.8028583,356.3,8/6/18
1234,Warehouse,EA18_WH130,Growler,Northern,-25.0549826,151.8159817,357.85,8/6/18
1234,Warehouse,EA18_WH131,Growler,Northern,-25.0528047,151.8186562,353.55,8/6/18
1234,Warehouse,EA18_WH132,Growler,Northern,-25.05361,151.8292053,342.73,8/6/18
1234,Warehouse,EA18_WH133,Growler,Northern,-25.0524175,151.8379729,344.63,8/6/18
1234,Warehouse,EA18_WH134,Growler,Northern,-25.0607102,151.8418682,361.76,8/6/18
1234,Warehouse,EA18_WH135,Growler,Northern,-25.0557944,151.8551747,354.12,8/6/18
1234,Warehouse,EA18_WH136,Growler,Northern,-25.0577224,151.8611589,360.19,8/6/18
1234,Warehouse,EA18_WH137,Growler,Northern,-25.0531565,151.8611688,334.2,8/6/18
1234,Warehouse,EA18_WH138,Growler,Northern,-25.0659397,151.7938994,366.25,8/6/18
1234,Warehouse,EA18_WH139,Growler,Northern,-25.0704286,151.7938793,348.16,8/6/18
1234,Warehouse,EA18_WH140,Growler,Northern,-25.0562586,151.8127905,345.49,8/6/18
1234,Warehouse,EA18_WH141,Growler,Northern,-25.0564531,151.8249709,337.86,8/6/18
1234,Warehouse,EA18_WH142,Growler,Northern,-25.0628495,151.8381882,341.96,8/6/18
1234,Warehouse,EA18_WH143,Growler,Northern,-25.0683359,151.8407437,331.69,8/6/18
1234,Warehouse,EA18_WH144,Growler,Northern,-25.0603397,151.8589499,341.91,8/6/18
1234,Warehouse,EA18_WH145,Growler,Northern,-25.0542871,151.8721571,325.89,8/6/18
1234,Warehouse,EA18_WH146,Growler,Northern,-25.0650518,151.7907551,355.7,8/6/18
1234,Warehouse,EA18_WH147,Growler,Northern,-25.0644217,151.8092557,348.32,8/6/18
1234,Warehouse,EA18_WH148,Growler,Northern,-25.0670841,151.8107078,336.32,8/6/18
1234,Warehouse,EA18_WH149,Growler,Northern,-25.0668523,151.8169759,326.77,8/6/18
1234,Warehouse,EA18_WH150,Growler,Northern,-25.067253,151.8254988,313,8/6/18
1234,Warehouse,EA18_WH151,Growler,Northern,-25.0645885,151.8330169,316.75,8/6/18
1234,Warehouse,EA18_WH152,Growler,Northern,-25.0673009,151.8504468,317.65,8/6/18
1234,Warehouse,EA18_WH153,Growler,Northern,-25.0648043,151.849192,331.74,8/6/18
1234,Warehouse,EA18_WH154,Growler,Northern,-25.0653544,151.8605807,326.52,8/6/18
1234,Warehouse,EA18_WH155,Growler,Northern,-25.0684328,151.8674982,313.7,8/6/18
1234,Warehouse,EA18_WH156,Growler,Northern,-25.0705434,151.7983775,346.1,8/6/18
1234,Warehouse,EA18_WH157,Growler,Northern,-25.0774383,151.8007492,334.27,8/6/18
1234,Warehouse,EA18_WH158,Growler,Northern,-25.0755171,151.8149663,328.16,8/6/18
1234,Warehouse,EA18_WH159,Growler,Northern,-25.0742515,151.8218035,327.37,8/6/18
1234,Warehouse,EA18_WH160,Growler,Northern,-25.0711272,151.8284814,327.41,8/6/18
1234,Warehouse,EA18_WH161,Growler,Northern,-25.0793079,151.8348552,319.7,8/6/18
1234,Warehouse,EA18_WH162,Growler,Northern,-25.0717194,151.844659,317.84,8/6/18
1234,Warehouse,EA18_WH164,Growler,Northern,-25.0727521,151.861509,297.12,8/6/18
1234,Warehouse,EA18_WH165,Growler,Northern,-25.0768587,151.7948384,342.9,8/6/18
1234,Warehouse,EA18_WH166,Growler,Northern,-25.0811595,151.8008185,336.85,8/6/18
1234,Warehouse,EA18_WH168,Growler,Northern,-25.0763962,151.8341224,322.84,8/6/18
1234,Warehouse,EA18_WH169,Growler,Northern,-25.072572,151.8395078,310.4,8/6/18
1234,Warehouse,EA18_WH170,Growler,Northern,-25.0776475,151.8546652,310.44,8/6/18
1234,Warehouse,EA18_WH171,Growler,Northern,-25.0829469,151.858648,307.95,8/6/18
1234,Warehouse,EA18_WH172,Growler,Northern,-25.0794882,151.8687657,305.58,8/6/18
1234,Warehouse,EA18_WH173,Growler,Northern,-25.0838611,151.7959716,354.5,8/6/18
1234,Warehouse,EA18_WH174,Growler,Northern,-25.087945,151.7996915,351.67,8/6/18
1234,Warehouse,EA18_WH175,Growler,Northern,-25.0816187,151.8100715,336.75,8/6/18
1234,Warehouse,EA18_WH179,Growler,Northern,-25.0868875,151.8500571,306.24,8/6/18
1234,Warehouse,EA18_WH180,Growler,Northern,-25.0891822,151.8568504,313.22,8/6/18
1234,Warehouse,EA18_WH181,Growler,Northern,-25.0870956,151.8564623,317.1,8/6/18
1234,Warehouse,EA18_WH182,Growler,Northern,-25.0843823,151.8671982,297.63,8/6/18
1234,Warehouse,EA18_WH183,Growler,Northern,-25.0917454,151.7898339,344.19,8/6/18
1234,Warehouse,EA18_WH184,Growler,Northern,-25.0921119,151.8040365,347.79,8/6/18
1234,Warehouse,EA18_WH185,Growler,Northern,-25.093939,151.8048395,341.45,8/6/18
1234,Warehouse,EA18_WH186,Growler,Northern,-25.0909325,151.8185676,337.62,8/6/18
1234,Warehouse,EA18_WH189,Growler,Northern,-25.0914586,151.8414965,314.44,8/6/18
1234,Warehouse,EA18_WH190,Growler,Northern,-25.0909383,151.8501642,318.38,8/6/18
1234,Warehouse,EA18_WH191,Growler,Northern,-25.0935243,151.8576659,323.6,8/6/18
1234,Warehouse,EA18_WH192,Growler,Northern,-25.0913393,151.8641504,307.73,8/6/18
1234,Warehouse,EA18_WH193,Growler,Northern,-25.1022982,151.7885576,338.76,8/6/18
1234,Warehouse,EA18_WH194,Growler,Northern,-25.1026817,151.8028344,348.3,8/6/18
1234,Warehouse,EA18_WH195,Growler,Northern,-25.0981336,151.8041281,342.25,8/6/18
1234,Warehouse,EA18_WH196,Growler,Northern,-25.0986421,151.8161009,333.8,8/6/18
1234,Warehouse,EA18_WH199,Growler,Northern,-25.0938713,151.8367444,301.56,8/6/18
1234,Warehouse,EA18_WH200,Growler,Northern,-25.1001703,151.8423199,320.2,8/6/18
1234,Warehouse,EA18_WH201,Growler,Northern,-25.1013605,151.8561115,325.64,8/6/18
1234,Warehouse,EA18_WH202,Growler,Northern,-25.099978,151.8575762,305.95,8/6/18
1234,Warehouse,EA18_WH204,Growler,Northern,-25.1012055,151.7973791,359.43,8/6/18
1234,Warehouse,EA18_WH205,Growler,Northern,-25.1109343,151.8150333,341.72,8/6/18
1234,Warehouse,EA18_WH206,Growler,Northern,-25.0999964,151.8221004,317.62,8/6/18
1234,Warehouse,EA18_WH207,Growler,Northern,-25.1037523,151.8232295,314.56,8/6/18
1234,Warehouse,EA18_WH208,Growler,Northern,-25.1024755,151.83859,317.68,8/6/18
1234,Warehouse,EA18_WH212,Growler,Northern,-25.1091276,151.7900534,340.73,8/6/18
1234,Warehouse,EA18_WH213,Growler,Northern,-25.1121826,151.798501,349.4,8/6/18
1234,Warehouse,EA18_WH214,Growler,Northern,-25.105322,151.8225969,321.67,8/6/18
1234,Warehouse,EA18_WH215,Growler,Northern,-25.1124531,151.8341382,316.32,8/6/18
1234,Warehouse,EA18_WH216,Growler,Northern,-25.1115114,151.8397412,323.32,8/6/18
1234,Warehouse,EA18_WH218,Growler,Northern,-25.1122475,151.8571464,316.27,8/6/18
1234,Warehouse,EA18_WH219,Growler,Northern,-25.1059271,151.8625149,310.68,8/6/18
1234,Warehouse,EA18_WH220,Growler,Northern,-25.1242112,151.792273,360.42,8/6/18
1234,Warehouse,EA18_WH221,Growler,Northern,-25.1119558,151.8061529,343.36,8/6/18
1234,Warehouse,EA18_WH222,Growler,Northern,-25.1133252,151.8224123,327.99,8/6/18
1234,Warehouse,EA18_WH223,Growler,Northern,-25.1148666,151.8259014,327.67,8/6/18
1234,Warehouse,EA18_WH224,Growler,Northern,-25.1214842,151.8356795,319.58,8/6/18
1234,Warehouse,EA18_WH225,Growler,Northern,-25.1206251,151.8452523,325.52,8/6/18
1234,Warehouse,EA18_WH227,Growler,Northern,-25.1197852,151.8643551,323.57,8/6/18
1234,Warehouse,EA18_WH228,Growler,Northern,-25.067792,151.8599133,305.58,8/6/18
1234,Warehouse,AH64_WH002,Apache,Northern,-24.8756,151.7267687,265.29,8/6/18
1234,Warehouse,AH64_WH003,Apache,Northern,-24.9095674,151.7114839,256.9,8/6/18
1234,Warehouse,AH64_WH004,Apache,Northern,-24.9401125,151.7651132,272.95,8/6/18
1234,Warehouse,AH64_WH005,Apache,Northern,-24.932277,151.7265745,259.63,8/6/18
1234,Warehouse,AH64_WH006,Apache,Northern,-24.949861,151.7324351,273.22,8/6/18
1234,Warehouse,AH64_WH007,Apache,Northern,-24.8724954,151.7620941,240.1,8/6/18
1234,Warehouse,AH64_WH008,Apache,Northern,-24.8744633,151.777551,248.45,8/6/18
1234,Warehouse,AH64_WH009,Apache,Northern,-24.8775091,151.7719072,248.49,8/6/18
1234,Warehouse,AH64_WH010,Apache,Northern,-24.8809586,151.7597074,250.02,8/6/18
1234,Warehouse,AH64_WH011,Apache,Northern,-24.9520024,151.7569402,273.63,8/6/18
1234,Warehouse,AH64_WH012,Apache,Northern,-24.9502799,151.7635154,283,8/6/18
1234,Warehouse,AH64_WH013,Apache,Northern,-24.8847599,151.7748541,255.74,8/6/18
1234,Warehouse,AH64_WH101,Apache,Northern,-24.8746922,151.7494359,256.34,8/6/18
1234,Warehouse,AH64_WH103,Apache,Northern,-24.8715908,151.7736564,237.37,8/6/18
1234,Warehouse,AH64_WH104,Apache,Northern,-24.874777,151.7489101,248.11,8/6/18
1234,Warehouse,AH64_WH110,Apache,Northern,-24.8796808,151.739953,256.57,8/6/18
1234,Warehouse,AH64_WH111,Apache,Northern,-24.883431,151.7445655,247.93,8/6/18
1234,Warehouse,AH64_WH114,Apache,Northern,-24.8871416,151.7051334,270.25,8/6/18
1234,Warehouse,AH64_WH115,Apache,Northern,-24.8882722,151.7155641,269.42,8/6/18
1234,Warehouse,AH64_WH116,Apache,Northern,-24.8876595,151.7175633,275.93,8/6/18
1234,Warehouse,AH64_WH117,Apache,Northern,-24.8863751,151.7252254,263.18,8/6/18
1234,Warehouse,AH64_WH118,Apache,Northern,-24.8932676,151.7305554,253.61,8/6/18
1234,Warehouse,AH64_WH119,Apache,Northern,-24.8868088,151.7369551,244.57,8/6/18
1234,Warehouse,AH64_WH120,Apache,Northern,-24.8875929,151.7479685,238.72,8/6/18
1234,Warehouse,AH64_WH121,Apache,Northern,-24.8889461,151.7593688,240,8/6/18
1234,Warehouse,AH64_WH122,Apache,Northern,-24.8872312,151.762723,243.54,8/6/18
1234,Warehouse,AH64_WH124,Apache,Northern,-24.8902937,151.7174518,287.44,8/6/18
1234,Warehouse,AH64_WH125,Apache,Northern,-24.8998465,151.7168486,260.19,8/6/18
1234,Warehouse,AH64_WH126,Apache,Northern,-24.8941228,151.732472,258.27,8/6/18
1234,Warehouse,AH64_WH127,Apache,Northern,-24.8941146,151.7372426,266.2,8/6/18
1234,Warehouse,AH64_WH129,Apache,Northern,-24.8946097,151.7595292,239.42,8/6/18
1234,Warehouse,AH64_WH130,Apache,Northern,-24.8988945,151.7701195,240.33,8/6/18
1234,Warehouse,AH64_WH131,Apache,Northern,-24.9052642,151.7044992,272.7,8/6/18
1234,Warehouse,AH64_WH132,Apache,Northern,-24.8983756,151.71785,261.17,8/6/18
1234,Warehouse,AH64_WH133,Apache,Northern,-24.9071989,151.7244576,248.77,8/6/18
1234,Warehouse,AH64_WH134,Apache,Northern,-24.9049962,151.7299936,248.82,8/6/18
1234,Warehouse,AH64_WH135,Apache,Northern,-24.9056392,151.7363839,258.99,8/6/18
1234,Warehouse,AH64_WH136,Apache,Northern,-24.8971717,151.7437255,239.48,8/6/18
1234,Warehouse,AH64_WH137,Apache,Northern,-24.9079292,151.7580512,251.18,8/6/18
1234,Warehouse,AH64_WH138,Apache,Northern,-24.90282,151.7662027,242.19,8/6/18
1234,Warehouse,AH64_WH139,Apache,Northern,-24.9038527,151.7721002,248.5,8/6/18
1234,Warehouse,AH64_WH140,Apache,Northern,-24.8989472,151.772412,262.43,8/6/18
1234,Warehouse,AH64_WH141,Apache,Northern,-24.8992949,151.7797823,295.16,8/6/18
1234,Warehouse,AH64_WH142,Apache,Northern,-24.9112151,151.7354071,245.28,8/6/18
1234,Warehouse,AH64_WH143,Apache,Northern,-24.9108087,151.7413399,254.97,8/6/18
1234,Warehouse,AH64_WH144,Apache,Northern,-24.9117564,151.7538834,262.2,8/6/18
1234,Warehouse,AH64_WH145,Apache,Northern,-24.9033721,151.7658889,246,8/6/18
1234,Warehouse,AH64_WH146,Apache,Northern,-24.9059241,151.772493,252.7,8/6/18
1234,Warehouse,AH64_WH147,Apache,Northern,-24.9106598,151.7833487,279.08,8/6/18
1234,Warehouse,AH64_WH149,Apache,Northern,-24.9193537,151.7147204,269.8,8/6/18
1234,Warehouse,AH64_WH151,Apache,Northern,-24.9123622,151.7474227,254.22,8/6/18
1234,Warehouse,AH64_WH152,Apache,Northern,-24.910043,151.7483181,256.54,8/6/18
1234,Warehouse,AH64_WH153,Apache,Northern,-24.9104047,151.7596202,249.35,8/6/18
1234,Warehouse,AH64_WH154,Apache,Northern,-24.9160344,151.7684019,261.58,8/6/18
1234,Warehouse,AH64_WH155,Apache,Northern,-24.9137233,151.7784284,254.54,8/6/18
1234,Warehouse,AH64_WH156,Apache,Northern,-24.9209882,151.7024223,259.94,8/6/18
1234,Warehouse,AH64_WH157,Apache,Northern,-24.9176915,151.7206737,260.4,8/6/18
1234,Warehouse,AH64_WH158,Apache,Northern,-24.9179341,151.7266489,253.69,8/6/18
1234,Warehouse,AH64_WH159,Apache,Northern,-24.9224332,151.7366095,247.72,8/6/18
1234,Warehouse,AH64_WH160,Apache,Northern,-24.9250407,151.7452028,280.85,8/6/18
1234,Warehouse,AH64_WH161,Apache,Northern,-24.9127776,151.7503424,272.45,8/6/18
1234,Warehouse,AH64_WH162,Apache,Northern,-24.9225611,151.7627171,265.6,8/6/18
1234,Warehouse,AH64_WH163,Apache,Northern,-24.9175259,151.7702358,261.25,8/6/18
1234,Warehouse,AH64_WH164,Apache,Northern,-24.9219964,151.7831767,258.7,8/6/18
1234,Warehouse,AH64_WH166,Apache,Northern,-24.9201759,151.7164081,255.35,8/6/18
1234,Warehouse,AH64_WH167,Apache,Northern,-24.9254135,151.7288264,252.43,8/6/18
1234,Warehouse,AH64_WH168,Apache,Northern,-24.9315998,151.7384211,258.42,8/6/18
1234,Warehouse,AH64_WH169,Apache,Northern,-24.9236395,151.7395672,274.57,8/6/18
1234,Warehouse,AH64_WH170,Apache,Northern,-24.929495,151.7494952,275.61,8/6/18
1234,Warehouse,AH64_WH171,Apache,Northern,-24.9207831,151.7579596,256.58,8/6/18
1234,Warehouse,AH64_WH172,Apache,Northern,-24.923717,151.7758529,278.46,8/6/18
1234,Warehouse,AH64_WH173,Apache,Northern,-24.9230019,151.7838779,277.17,8/6/18
1234,Warehouse,AH64_WH174,Apache,Northern,-24.9285988,151.7907195,276.48,8/6/18
1234,Warehouse,AH64_WH175,Apache,Northern,-24.9270728,151.705919,262.4,8/6/18
1234,Warehouse,AH64_WH177,Apache,Northern,-24.9352443,151.7314456,262.36,8/6/18
1234,Warehouse,AH64_WH178,Apache,Northern,-24.9388366,151.7365972,272.75,8/6/18
1234,Warehouse,AH64_WH179,Apache,Northern,-24.9303183,151.7417662,281.05,8/6/18
1234,Warehouse,AH64_WH180,Apache,Northern,-24.9319379,151.7545579,258.86,8/6/18
1234,Warehouse,AH64_WH181,Apache,Northern,-24.9299695,151.7626836,268.89,8/6/18
1234,Warehouse,AH64_WH182,Apache,Northern,-24.9318336,151.7687328,265.8,8/6/18
1234,Warehouse,AH64_WH183,Apache,Northern,-24.9345902,151.7796868,285.2,8/6/18
1234,Warehouse,AH64_WH184,Apache,Northern,-24.9334592,151.7831649,270.52,8/6/18
1234,Warehouse,AH64_WH185,Apache,Northern,-24.9349294,151.7046856,264.79,8/6/18
1234,Warehouse,AH64_WH186,Apache,Northern,-24.9437142,151.7361449,265.28,8/6/18
1234,Warehouse,AH64_WH187,Apache,Northern,-24.9367156,151.7418207,274.3,8/6/18
1234,Warehouse,AH64_WH188,Apache,Northern,-24.9374854,151.7479259,269.81,8/6/18
1234,Warehouse,AH64_WH189,Apache,Northern,-24.9379626,151.7583917,260.83,8/6/18
1234,Warehouse,AH64_WH191,Apache,Northern,-24.9403333,151.7678918,263.27,8/6/18
1234,Warehouse,AH64_WH192,Apache,Northern,-24.9396974,151.7755081,270.52,8/6/18
1234,Warehouse,AH64_WH193,Apache,Northern,-24.9436082,151.7861048,294.66,8/6/18
1234,Warehouse,AH64_WH194,Apache,Northern,-24.9412318,151.7172765,262.43,8/6/18
1234,Warehouse,AH64_WH195,Apache,Northern,-24.9393817,151.7219074,269.66,8/6/18
1234,Warehouse,AH64_WH196,Apache,Northern,-24.9453508,151.7282802,271.49,8/6/18
1234,Warehouse,AH64_WH197,Apache,Northern,-24.9398088,151.7458156,267.9,8/6/18
1234,Warehouse,AH64_WH198,Apache,Northern,-24.9463772,151.7539829,268.6,8/6/18
1234,Warehouse,AH64_WH199,Apache,Northern,-24.9424556,151.7589138,268.84,8/6/18
1234,Warehouse,AH64_WH200,Apache,Northern,-24.9468195,151.767847,269.05,8/6/18
1234,Warehouse,AH64_WH201,Apache,Northern,-24.9458681,151.7699903,269.86,8/6/18
1234,Warehouse,AH64_WH202,Apache,Northern,-24.9497553,151.7790558,275.25,8/6/18
1234,Warehouse,AH64_WH203,Apache,Northern,-24.9552417,151.7100446,254.2,8/6/18
1234,Warehouse,AH64_WH204,Apache,Northern,-24.9544426,151.7214366,270.89,8/6/18
1234,Warehouse,AH64_WH206,Apache,Northern,-24.9497465,151.7409827,269.6,8/6/18
1234,Warehouse,AH64_WH207,Apache,Northern,-24.9527672,151.7430215,274.39,8/6/18
1234,Warehouse,AH64_WH210,Apache,Northern,-24.9538328,151.7735385,274.1,8/6/18
1234,Warehouse,AH64_WH213,Apache,Northern,-24.8754224,151.7333612,290.65,8/6/18
1234,Warehouse,AH64_WH214,Apache,Northern,-24.8711774,151.7530764,235.93,8/6/18
1234,Warehouse,AH64_WH215,Apache,Northern,-24.8818889,151.7163465,282.8,8/6/18
1234,Warehouse,AH64_WH216,Apache,Northern,-24.8717686,151.7231251,281.07,8/6/18
1234,Warehouse,AH64_WH217,Apache,Northern,-24.8768163,151.7399666,264.92,8/6/18
1234,Warehouse,AH64_WH218,Apache,Northern,-24.874924,151.7615497,236.47,8/6/18
1234,Warehouse,AH64_WH219,Apache,Northern,-24.8767011,151.783112,250.98,8/6/18
1234,Warehouse,AH64_WH220,Apache,Northern,-24.8835894,151.7268586,281.69,8/6/18
1234,Warehouse,AH64_WH221,Apache,Northern,-24.8797378,151.7386837,255.07,8/6/18
1234,Warehouse,AH64_WH222,Apache,Northern,-24.8861967,151.7814493,256.34,8/6/18
1234,Warehouse,AH64_WH223,Apache,Northern,-24.8778737,151.7884014,252.58,8/6/18
1234,Warehouse,AH64_WH224,Apache,Northern,-24.8784204,151.7419147,246.64,8/6/18
1234,Warehouse,AH64_WH225,Apache,Northern,-24.8879368,151.7753537,274.05,8/6/18
1234,Warehouse,AH64_WH226,Apache,Northern,-24.8931439,151.7846914,258.99,8/6/18
1234,Warehouse,AH64_WH227,Apache,Northern,-24.8895262,151.7686271,260.51,8/6/18
1234,Warehouse,AH64_WH228,Apache,Northern,-24.9079931,151.7057933,259.21,8/6/18
1234,Warehouse,AH64_WH229,Apache,Northern,-24.9112159,151.7172496,248.29,8/6/18
1234,Warehouse,CH47_WH007,Chinook,Northern,-24.9902058,151.8120237,323.39,8/6/18
1234,Warehouse,CH47_WH008,Chinook,Northern,-24.9854695,151.8200183,320.12,8/6/18
1234,Warehouse,CH47_WH011,Chinook,Northern,-24.9785696,151.8060804,316,8/6/18
1234,Warehouse,CH47_WH012,Chinook,Northern,-24.9910596,151.8029765,339.13,8/6/18
1234,Warehouse,CH47_WH037,Chinook,Northern,-25.0342897,151.8311375,318.26,8/6/18
1234,Warehouse,CH47_WH038,Chinook,Northern,-25.0340747,151.8142861,334.37,8/6/18
1234,Warehouse,CH47_WH110,Chinook,Northern,-24.9540925,151.857065,264.6,8/6/18
1234,Warehouse,CH47_WH146,Chinook,Northern,-24.9810513,151.8657168,290.82,8/6/18
1234,Warehouse,CH47_WH156,Chinook,Northern,-24.9834512,151.8595576,296.7,8/6/18
1234,Warehouse,CH47_WH157,Chinook,Northern,-24.9942695,151.8716864,299.67,8/6/18
1234,Warehouse,CH47_WH167,Chinook,Northern,-24.9940358,151.8648295,309.1,8/6/18
1234,Warehouse,CH47_WH177,Chinook,Northern,-25.002006,151.8646621,305.88,8/6/18
1234,Warehouse,CH47_WH178,Chinook,Northern,-24.9970954,151.8616212,294.12,8/6/18
1234,Warehouse,CH47_WH188,Chinook,Northern,-25.0103988,151.8622427,309.12,8/6/18
1234,Warehouse,CH47_WH189,Chinook,Northern,-25.0032671,151.8683019,304.45,8/6/18
1234,Warehouse,CH47_WH190,Chinook,Northern,-25.0011428,151.8675104,294.44,8/6/18
1234,Warehouse,CH47_WH198,Chinook,Northern,-25.0099676,151.8541347,328.19,8/6/18
1234,Warehouse,CH47_WH199,Chinook,Northern,-25.0181117,151.8567394,317.97,8/6/18
1234,Warehouse,CH47_WH200,Chinook,Northern,-25.017379,151.8673449,307.04,8/6/18
1234,Warehouse,CH47_WH204,Chinook,Northern,-25.0231376,151.8176163,347.6,8/6/18
1234,Warehouse,CH47_WH205,Chinook,Northern,-25.0134408,151.8288045,347.05,8/6/18
1234,Warehouse,CH47_WH206,Chinook,Northern,-25.0138219,151.8367071,360.28,8/6/18
1234,Warehouse,CH47_WH207,Chinook,Northern,-25.0154938,151.8465056,344.68,8/6/18
1234,Warehouse,CH47_WH208,Chinook,Northern,-25.0202819,151.8575348,302.72,8/6/18
1234,Warehouse,CH47_WH211,Chinook,Northern,-25.0222958,151.8133382,352.89,8/6/18
1234,Warehouse,CH47_WH212,Chinook,Northern,-25.0205654,151.8167746,351.91,8/6/18
1234,Warehouse,CH47_WH213,Chinook,Northern,-25.0229353,151.8295429,334.83,8/6/18
1234,Warehouse,CH47_WH214,Chinook,Northern,-25.0200477,151.8359706,334.88,8/6/18
1234,Warehouse,CH47_WH215,Chinook,Northern,-25.0291846,151.8412694,319,8/6/18
1234,Warehouse,CH47_WH216,Chinook,Northern,-25.0195583,151.8482828,314.11,8/6/18
1234,Warehouse,CH47_WH217,Chinook,Northern,-25.0267049,151.8635755,303.95,8/6/18
1234,Warehouse,CH47_WH218,Chinook,Northern,-25.0217952,151.8651783,304.49,8/6/18
1234,Warehouse,CH47_WH220,Chinook,Northern,-25.0321623,151.8034029,359.01,8/6/18
1234,Warehouse,CH47_WH221,Chinook,Northern,-25.0321441,151.805214,344.82,8/6/18
1234,Warehouse,CH47_WH225,Chinook,Northern,-25.0252104,151.8334473,322.08,8/6/18
1234,Warehouse,CH47_WH226,Chinook,Northern,-25.0286464,151.8344552,315.12,8/6/18
1234,Warehouse,CH47_WH227,Chinook,Northern,-25.0323349,151.8558923,320.71,8/6/18
1234,Warehouse,CH47_WH228,Chinook,Northern,-25.0308911,151.8729645,309.8,8/6/18
1234,Warehouse,CH47_WH230,Chinook,Northern,-25.0378562,151.8322368,312.89,8/6/18
1234,Warehouse,CH47_WH231,Chinook,Northern,-25.0315688,151.8541836,320.05,8/6/18
1234,Warehouse,CH47_WH232,Chinook,Northern,-25.0359769,151.8628461,315.8,8/6/18
1234,Warehouse,CH47_WH233,Chinook,Northern,-25.0231398,151.8205163,351.99,8/6/18
1234,Warehouse,C17_WH002,Globemaster II,Northern,-24.840878,151.717947,272.26,8/6/18
1234,Warehouse,C17_WH138,Globemaster II,Northern,-24.8308058,151.7589825,258.88,8/6/18
1234,Warehouse,C17_WH139,Globemaster II,Northern,-24.8402408,151.738439,268.58,8/6/18
1234,Warehouse,C17_WH140,Globemaster II,Northern,-24.8368443,151.7448847,252.32,8/6/18
1234,Warehouse,C17_WH141,Globemaster II,Northern,-24.8330871,151.7664114,248.03,8/6/18
1234,Warehouse,C17_WH142,Globemaster II,Northern,-24.8386218,151.7793184,238.99,8/6/18
1234,Warehouse,C17_WH143,Globemaster II,Northern,-24.8340384,151.7218011,278.3,8/6/18
1234,Warehouse,C17_WH144,Globemaster II,Northern,-24.841,151.7353089,264.73,8/6/18
1234,Warehouse,C17_WH145,Globemaster II,Northern,-24.8417858,151.7608948,249.01,8/6/18
1234,Warehouse,C17_WH146,Globemaster II,Northern,-24.8443033,151.7312954,256.75,8/6/18
1234,Warehouse,C17_WH147,Globemaster II,Northern,-24.8456077,151.7576876,239.15,8/6/18
1234,Warehouse,C17_WH148,Globemaster II,Northern,-24.8408802,151.7692066,245.38,8/6/18
1234,Warehouse,C17_WH149,Globemaster II,Northern,-24.8429373,151.7248348,277.99,8/6/18
1234,Warehouse,C17_WH150,Globemaster II,Northern,-24.85198,151.7388217,273.74,8/6/18
1234,Warehouse,C17_WH151,Globemaster II,Northern,-24.8484332,151.7680533,233.49,8/6/18
1234,Warehouse,C17_WH152,Globemaster II,Northern,-24.8507323,151.7873183,232.5,8/6/18
1234,Warehouse,C17_WH153,Globemaster II,Northern,-24.8562007,151.7310411,278.61,8/6/18
1234,Warehouse,C17_WH154,Globemaster II,Northern,-24.856755,151.7500645,260.08,8/6/18
1234,Warehouse,C17_WH155,Globemaster II,Northern,-24.8613814,151.7875851,236.68,8/6/18
1234,Warehouse,C17_WH156,Globemaster II,Northern,-24.8574706,151.7193981,277.87,8/6/18
1234,Warehouse,C17_WH157,Globemaster II,Northern,-24.8642928,151.7455267,266.23,8/6/18
1234,Warehouse,C17_WH158,Globemaster II,Northern,-24.8615194,151.7568148,255.44,8/6/18
1234,Warehouse,C17_WH159,Globemaster II,Northern,-24.8601965,151.7736131,233.06,8/6/18
1234,Warehouse,C17_WH160,Globemaster II,Northern,-24.8637478,151.7409151,275.42,8/6/18
1234,Warehouse,C17_WH161,Globemaster II,Northern,-24.865416,151.7835531,245.95,8/6/18
1234,Warehouse,C17_WH162,Globemaster II,Northern,-24.8688441,151.7304556,287.11,8/6/18
1234,Warehouse,C17_WH163,Globemaster II,Northern,-24.8655804,151.7486201,253.61,8/6/18
1234,Warehouse,C17_WH167,Globemaster II,Northern,-24.8379125,151.7151505,296.25,8/6/18
1234,Warehouse,C17_WH168,Globemaster II,Northern,-24.8413514,151.7037665,293.04,8/6/18
1234,Warehouse,C17_WH169,Globemaster II,Northern,-24.8471795,151.7171331,287.59,8/6/18
1234,Warehouse,C17_WH170,Little Bird,Northern,-24.8547627,151.7047686,310.15,8/6/18
1234,Warehouse,C17_WH171,Globemaster II,Northern,-24.8664244,151.707651,306.47,8/6/18
1234,Warehouse,C17_WH172,Apache,Northern,-24.869381,151.7065483,291.46,8/6/18
1234,Warehouse,C17_WH173,Globemaster II,Northern,-24.8708926,151.7227228,299.67,8/6/18
1234,Warehouse,C17_WH212,Globemaster II,Northern,-24.8609892,151.7654884,235.23,8/6/18
1234,Warehouse,KC46_WH002,Pegasus,Northern,-25.075609,151.7825152,342.97,8/6/18
1234,Warehouse,KC46_WH003,Growler,Northern,-25.0794778,151.7937923,344.63,8/6/18
1234,Warehouse,KC46_WH004,Pegasus,Northern,-25.0841616,151.7840356,341.14,8/6/18
1234,Warehouse,KC46_WH005,Pegasus,Northern,-25.0800213,151.7797436,333.3,8/6/18
1234,Warehouse,KC46_WH006,Pegasus,Northern,-25.0843677,151.7847951,357.12,8/6/18
1234,Warehouse,KC46_WH007,Pegasus,Northern,-25.1002872,151.7130219,313.21,8/6/18
1234,Warehouse,KC46_WH010,Pegasus,Northern,-25.1005886,151.7182198,315.57,8/6/18
1234,Warehouse,KC46_WH011,Pegasus,Northern,-25.1049209,151.7143566,308.63,8/6/18
1234,Warehouse,KC46_WH012,Pegasus,Northern,-25.1073677,151.7199341,313.16,8/6/18
1234,Warehouse,KC46_WH013,Pegasus,Northern,-25.0482218,151.7362341,314.43,8/6/18
1234,Warehouse,KC46_WH014,Pegasus,Northern,-25.0558051,151.7301029,314.55,8/6/18
1234,Warehouse,KC46_WH015,Pegasus,Northern,-25.0613785,151.7244021,297.52,8/6/18
1234,Warehouse,KC46_WH016,Pegasus,Northern,-25.062454,151.7348868,304.63,8/6/18
1234,Warehouse,KC46_WH023,Pegasus,Northern,-25.0940649,151.7728253,330.78,8/6/18
1234,Warehouse,KC46_WH024,Pegasus,Northern,-25.085426,151.7662391,326.47,8/6/18
1234,Warehouse,KC46_WH025,Pegasus,Northern,-25.1142073,151.7691879,322.06,8/6/18
1234,Warehouse,KC46_WH026,Pegasus,Northern,-25.1055929,151.7895157,335.65,8/6/18
1234,Warehouse,KC46_WH027,Pegasus,Northern,-25.0547953,151.7478299,311.4,8/6/18
1234,Warehouse,KC46_WH101,Pegasus,Northern,-25.0349516,151.715019,287.21,8/6/18
1234,Warehouse,KC46_WH102,Pegasus,Northern,-25.0425628,151.7137943,293.73,8/6/18
1234,Warehouse,KC46_WH103,Pegasus,Northern,-25.0352598,151.7211993,312.51,8/6/18
1234,Warehouse,KC46_WH104,Pegasus,Northern,-25.038025,151.737621,323.6,8/6/18
1234,Warehouse,KC46_WH105,Pegasus,Northern,-25.039892,151.7369086,325.35,8/6/18
1234,Warehouse,KC46_WH106,Pegasus,Northern,-25.0414387,151.7466766,321.3,8/6/18
1234,Warehouse,KC46_WH107,Pegasus,Northern,-25.0350542,151.75817,332.28,8/6/18
1234,Warehouse,KC46_WH108,Pegasus,Northern,-25.0355248,151.7659824,356.13,8/6/18
1234,Warehouse,KC46_WH109,Pegasus,Northern,-25.0419775,151.7665398,362.03,8/6/18
1234,Warehouse,KC46_WH110,Pegasus,Northern,-25.037621,151.7822641,372.13,8/6/18
1234,Warehouse,KC46_WH111,Pegasus,Northern,-25.0451896,151.7093361,288.91,8/6/18
1234,Warehouse,KC46_WH112,Pegasus,Northern,-25.0489781,151.7191316,298.6,8/6/18
1234,Warehouse,KC46_WH113,Pegasus,Northern,-25.0434979,151.7219866,297.14,8/6/18
1234,Warehouse,KC46_WH114,Pegasus,Northern,-25.0414459,151.7448185,330.42,8/6/18
1234,Warehouse,KC46_WH115,Pegasus,Northern,-25.0426594,151.7569428,351.12,8/6/18
1234,Warehouse,KC46_WH116,Pegasus,Northern,-25.047288,151.763109,359.05,8/6/18
1234,Warehouse,KC46_WH117,Pegasus,Northern,-25.0456058,151.7741996,361.29,8/6/18
1234,Warehouse,KC46_WH118,Pegasus,Northern,-25.0449916,151.7774461,362.5,8/6/18
1234,Warehouse,KC46_WH119,Pegasus,Northern,-25.0414146,151.7828414,366.67,8/6/18
1234,Warehouse,KC46_WH120,Pegasus,Northern,-25.0554703,151.7158871,282.62,8/6/18
1234,Warehouse,KC46_WH121,Pegasus,Northern,-25.0563314,151.7252947,302.39,8/6/18
1234,Warehouse,KC46_WH123,Pegasus,Northern,-25.0496574,151.7465032,350.6,8/6/18
1234,Warehouse,KC46_WH124,Pegasus,Northern,-25.0492017,151.7532366,350.87,8/6/18
1234,Warehouse,KC46_WH125,Pegasus,Northern,-25.0554139,151.7578939,327.34,8/6/18
1234,Warehouse,KC46_WH126,Pegasus,Northern,-25.0569105,151.7724644,328.31,8/6/18
1234,Warehouse,KC46_WH127,Pegasus,Northern,-25.048633,151.7831667,360.11,8/6/18
1234,Warehouse,KC46_WH128,Pegasus,Northern,-25.0589322,151.7154833,286.99,8/6/18
1234,Warehouse,KC46_WH129,Pegasus,Northern,-25.0557959,151.720532,293.48,8/6/18
1234,Warehouse,KC46_WH133,Pegasus,Northern,-25.0608841,151.757526,317.3,8/6/18
1234,Warehouse,KC46_WH134,Pegasus,Northern,-25.0624373,151.7642934,340.47,8/6/18
1234,Warehouse,KC46_WH135,Pegasus,Northern,-25.063781,151.7657535,346.11,8/6/18
1234,Warehouse,KC46_WH136,Pegasus,Northern,-25.0561388,151.7774568,344.43,8/6/18
1234,Warehouse,KC46_WH137,Pegasus,Northern,-25.0588276,151.7784844,354.93,8/6/18
1234,Warehouse,KC46_WH138,Pegasus,Northern,-25.0647418,151.725027,293.43,8/6/18
1234,Warehouse,KC46_WH139,Pegasus,Northern,-25.0624358,151.7278458,296.53,8/6/18
1234,Warehouse,KC46_WH141,Pegasus,Northern,-25.0685187,151.7463481,336.2,8/6/18
1234,Warehouse,KC46_WH142,Pegasus,Northern,-25.0686865,151.7523203,332.52,8/6/18
1234,Warehouse,KC46_WH143,Pegasus,Northern,-25.0629256,151.7618241,347.25,8/6/18
1234,Warehouse,KC46_WH144,Pegasus,Northern,-25.0665341,151.7719521,343.91,8/6/18
1234,Warehouse,KC46_WH145,Pegasus,Northern,-25.061947,151.780738,356.31,8/6/18
1234,Warehouse,KC46_WH146,Pegasus,Northern,-25.0733855,151.7368646,333.33,8/6/18
1234,Warehouse,KC46_WH147,Pegasus,Northern,-25.066144,151.7426318,330.31,8/6/18
1234,Warehouse,KC46_WH148,Pegasus,Northern,-25.0697729,151.7493358,312.2,8/6/18
1234,Warehouse,KC46_WH149,Pegasus,Northern,-25.0760976,151.7541569,330.3,8/6/18
1234,Warehouse,KC46_WH150,Pegasus,Northern,-25.0651851,151.7636564,341.1,8/6/18
1234,Warehouse,KC46_WH151,Pegasus,Northern,-25.0634469,151.7686761,358.72,8/6/18
1234,Warehouse,KC46_WH152,Pegasus,Northern,-25.0651277,151.7854349,353.92,8/6/18
1234,Warehouse,KC46_WH153,Pegasus,Northern,-25.0759325,151.7223006,286.53,8/6/18
1234,Warehouse,KC46_WH154,Pegasus,Northern,-25.0781556,151.7385897,316.17,8/6/18
1234,Warehouse,KC46_WH155,Pegasus,Northern,-25.0745164,151.7462058,322.25,8/6/18
1234,Warehouse,KC46_WH156,Pegasus,Northern,-25.0824076,151.7464691,304.93,8/6/18
1234,Warehouse,KC46_WH157,Pegasus,Northern,-25.0698045,151.7626199,339.61,8/6/18
1234,Warehouse,KC46_WH160,Pegasus,Northern,-25.0833444,151.7094277,303.74,8/6/18
1234,Warehouse,KC46_WH161,Pegasus,Northern,-25.0832953,151.711081,308.4,8/6/18
1234,Warehouse,KC46_WH162,Pegasus,Northern,-25.077766,151.7287316,290.27,8/6/18
1234,Warehouse,KC46_WH163,Pegasus,Northern,-25.08437,151.7435863,299.8,8/6/18
1234,Warehouse,KC46_WH164,Pegasus,Northern,-25.0861944,151.7480042,305.52,8/6/18
1234,Warehouse,KC46_WH165,Pegasus,Northern,-25.0822223,151.7564536,318.17,8/6/18
1234,Warehouse,KC46_WH166,Pegasus,Northern,-25.07534,151.7542363,330.95,8/6/18
1234,Warehouse,KC46_WH167,Pegasus,Northern,-25.0845723,151.7670364,318.26,8/6/18
1234,Warehouse,KC46_WH168,Pegasus,Northern,-25.078892,151.7727001,335.48,8/6/18
1234,Warehouse,KC46_WH170,Pegasus,Northern,-25.0894592,151.7791279,336.4,8/6/18
1234,Warehouse,KC46_WH171,Pegasus,Northern,-25.097361,151.7132063,322.05,8/6/18
1234,Warehouse,KC46_WH172,Pegasus,Northern,-25.0904829,151.7226483,285.64,8/6/18